route,fare_tier,term,elasticity,elasticity_se,statistic,p_value,elasticity_lo,elasticity_hi,n_obs,avg_fare_level,avg_pax,ulcc_share,elasticity_sig,demand_type
OGG-SJC,Coach_Full,log_avg_fare,-4.264629139261199,1.033518243941415,-4.1263220695530745,0.05401710433896201,-8.711499232801598,0.18224095427919984,6,393.3806531891194,925.8333333333334,0.9645787332839707,FALSE,Elastic (lower fare)
ANC-ORD,Coach_Deep_Discount,log_avg_fare,-3.5870131524589497,0.8022505386524147,-4.471188213203642,0.001195220553978678,-5.374538746657311,-1.7994875582605885,14,590.3844376217763,1557.9285714285713,0,TRUE,Elastic (lower fare)
CLT-SJU,Coach_Deep_Discount,log_avg_fare,-1.685861958648698,0.30971519477975096,-5.443265254866078,6.791726660589214e-5,-2.3460042698149555,-1.0257196474824406,21,557.7472772516442,1139.7619047619048,0.04013991830678299,TRUE,Elastic (lower fare)
DEN-HNL,Coach_Deep_Discount,log_avg_fare,-1.4261318313805469,0.2226074874089877,-6.40648635847712,6.508477655329685e-6,-1.895792576058363,-0.9564710867027308,22,1023.4581566381672,923.0909090909091,0.0025822227552917323,TRUE,Elastic (lower fare)
PDX-SEA,Coach_Deep_Discount,log_avg_fare,-1.3902785721522917,0.5977610027297233,-2.3258100909953536,0.0589779738150604,-2.852947053883952,0.07238990957936853,11,565.7065191727484,1129.2727272727273,0,FALSE,Elastic (lower fare)
ANC-DFW,Coach_Deep_Discount,log_avg_fare,-1.314080926168567,0.49470778785018915,-2.656277015324663,0.04508505772599946,-2.5857677795640863,-0.04239407277304785,9,597.8167096666149,756.6666666666666,0,TRUE,Elastic (lower fare)
HNL-LAX,Coach_Full,log_avg_fare,-1.309763121335666,0.5290801300660722,-2.475547742025581,0.030816407198126464,-2.4742606361104453,-0.14526560656088683,16,505.54820622756387,897.4375,0.8225927868049759,TRUE,Elastic (lower fare)
KOA-SJC,Coach_Deep_Discount,log_avg_fare,-1.2570060332539166,1.4815590069262556,-0.8484346741354486,0.44398523504288945,-5.370473286096023,2.8564612195881898,10,450.1909698584689,874.4,0.1245097771256163,FALSE,Elastic (lower fare)
ATL-SJU,Coach_Deep_Discount,log_avg_fare,-1.1660246349733911,0.2744593069146349,-4.2484426856621775,6.131820445001088e-4,-1.7478523741223184,-0.584196895824464,22,512.6266925516031,2692.5,0.2402388515445873,TRUE,Elastic (lower fare)
JAX-SJU,Coach_Deep_Discount,log_avg_fare,-1.1007508627232592,4.656114398734057,-0.23640975467066283,0.8351209408902001,-21.134394190462125,18.932892465015605,6,213.40218151087436,800,1,FALSE,Elastic (lower fare)
OGG-SMF,Coach_Full,log_avg_fare,-1.0961211665755273,1.0448111202714325,-1.0491093991139422,0.404206489637551,-5.5915805852839995,3.3993382521329454,6,488.95963982838043,635.6666666666666,1,FALSE,Elastic (lower fare)
MCO-PSE,Coach_Full,log_avg_fare,-1.0904475737761923,0.4327559132259805,-2.519775098270632,0.022036604881511046,-2.003482740899849,-0.17741240665253566,22,301.0707843183335,741.5,0.011017392626951637,TRUE,Elastic (lower fare)
MCO-PSE,Coach_Deep_Discount,log_avg_fare,-1.0595151884328047,0.2981433540651967,-3.5537105690476483,0.003177427429455781,-1.698969085323003,-0.4200612915426063,19,183.52719488312073,890,1,TRUE,Elastic (lower fare)
IAH-SJU,Coach_Deep_Discount,log_avg_fare,-1.0127339131896236,0.19526032239775445,-5.186583227731423,9.000668310710238e-5,-1.426667305368274,-0.5988005210109734,22,608.2910766825225,1253.590909090909,0.03466228207229205,TRUE,Elastic (lower fare)
DFW-HNL,Coach_Deep_Discount,log_avg_fare,-0.99101587017745,0.09897690351333173,-10.012597232282223,2.6991529861648193e-8,-1.2008375324358727,-0.7811942079190273,21,894.4686542889108,895.5714285714286,0,TRUE,Inelastic (raise fare)
SJU-TPA,Coach_Deep_Discount,log_avg_fare,-0.9414490870109782,0.571762817538372,-1.6465727713184075,0.1180054346499825,-2.1477631862793034,0.26486501225734727,22,210.9911930123381,1674.409090909091,1,FALSE,Inelastic (raise fare)
ANC-DEN,Coach_Deep_Discount,log_avg_fare,-0.9239710930291909,0.17878914412341732,-5.167937335117942,3.094924081239825e-4,-1.3174833460303177,-0.5304588400280641,16,639.674577408701,952.4375,0,TRUE,Inelastic (raise fare)
LAS-LAX,Coach_Deep_Discount,log_avg_fare,-0.8461099207217326,1.1218382802744629,-0.7542173730376966,0.5294262694758379,-5.672990459682093,3.980770618238627,6,481.5284115868287,758,0.011834504636951699,FALSE,Inelastic (raise fare)
SJU-TPA,Coach_Full,log_avg_fare,-0.8000328323570763,0.5328491485353567,-1.5014246237535105,0.15159146499412196,-1.9242462665721907,0.3241806018580379,22,352.06287397059805,1707.909090909091,0.48188697356533094,FALSE,Inelastic (raise fare)
HNL-IAH,Coach_Deep_Discount,log_avg_fare,-0.7517813409925559,0.13199508979457406,-5.695525054474106,5.529150183969958e-5,-1.0348826524544736,-0.4686800295306382,19,1044.2599660290905,804.2631578947369,0,TRUE,Inelastic (raise fare)
KOA-SAN,Coach_Deep_Discount,log_avg_fare,-0.7299322199023387,1.3572190341389503,-0.537814605853523,0.61923250888389,-4.498176363918703,3.038311924114026,9,430.37410443943355,845.6666666666666,0.007797954606465245,FALSE,Inelastic (raise fare)
MCO-SJU,Coach_Full,log_avg_fare,-0.7243146806624167,1.0345567792515444,-0.7001207620392048,0.49332268037280935,-2.907038689680389,1.4584093283555553,22,368.9083335983756,6843.090909090909,0.45673619547046274,FALSE,Inelastic (raise fare)
HNL-LGB,Coach_Full,log_avg_fare,-0.6575496199666786,0.34660851816941346,-1.8970959612864593,0.10659817641388951,-1.5056701107832127,0.19057087084985536,11,408.54201147583876,741.4545454545455,1,FALSE,Inelastic (raise fare)
ANC-JNU,Coach_Deep_Discount,log_avg_fare,-0.6208716400781128,0.7327031535031564,-0.8473713223556341,0.4148448394113041,-2.233540407690906,0.9917971275346805,16,442.8297897714454,665,0,FALSE,Inelastic (raise fare)
GUM-HNL,Coach_Deep_Discount,log_avg_fare,-0.6079866181904191,0.8870967663143141,-0.6853667393202949,0.5187004832952029,-2.7786342087972935,1.562660972416455,11,1960.085582511128,829.2727272727273,0,FALSE,Inelastic (raise fare)
FLL-SJU,Coach_Full,log_avg_fare,-0.5766058160792177,0.19201043461908285,-3.00299208854513,0.008003474071921337,-0.9817124221451041,-0.17149921001333124,22,351.8218791341358,3192.5,0.30463909921812005,TRUE,Inelastic (raise fare)
FLL-STT,Coach_Deep_Discount,log_avg_fare,-0.545522356376007,0.2814267665175347,-1.9384167438174986,0.0730043891124975,-1.1491227388265672,0.05807802607455337,19,241.30953550670571,673.1052631578947,1,FALSE,Inelastic (raise fare)
ANC-PDX,Coach_Deep_Discount,log_avg_fare,-0.5417068752535495,0.9286376062189076,-0.5833350616277466,0.5714338859538853,-2.585624465644388,1.5022107151372888,16,545.3298745133483,730.1875,0,FALSE,Inelastic (raise fare)
DEN-LAX,Coach_Deep_Discount,log_avg_fare,-0.5066332026654131,0.9793889150237486,-0.5172952183690256,0.6564770302462917,-4.720603591378709,3.7073371860478828,8,719.0826064390378,597.125,0.06384434722853823,FALSE,Inelastic (raise fare)
ANC-SEA,Business,log_avg_fare,-0.5020398416656123,0.446891250086667,-1.1234049482245405,0.3041947646311318,-1.595543337675668,0.5914636543444433,11,1188.526631841756,750.8181818181819,0,FALSE,Inelastic (raise fare)
ANC-MSP,Coach_Deep_Discount,log_avg_fare,-0.45607852609852867,0.4405676308683988,-1.0352066156098587,0.3275858475633061,-1.4527117479645124,0.540554695767455,15,664.84486996289,1489.5333333333333,0.1204822275715965,FALSE,Inelastic (raise fare)
KOA-LIH,Coach_Deep_Discount,log_avg_fare,-0.43348593039251104,0.4765207734068362,-0.909689471234062,0.40470367791694617,-1.6584215748154918,0.7914497140304698,10,202.23333827089064,617.1,0.01443571135910606,FALSE,Inelastic (raise fare)
BQN-MCO,Coach_Deep_Discount,log_avg_fare,-0.3508405566058036,0.8294750917557524,-0.42296695837264786,0.6776214679415231,-2.1008800266168097,1.3991989134052023,22,179.1671006588804,1486.3636363636363,1,FALSE,Inelastic (raise fare)
LAS-SEA,Coach_Deep_Discount,log_avg_fare,-0.3241332229081883,0.529713805302494,-0.6119025399443601,0.5736739876650502,-1.7948545247959948,1.1465880789796181,8,505.6114009438775,659.375,0,FALSE,Inelastic (raise fare)
HNL-OGG,Coach_Deep_Discount,log_avg_fare,-0.31457039331583403,0.25483004974705364,-1.2344320994642475,0.2348655550483162,-0.8547859661754289,0.22564517954376084,22,365.5722653031725,10172.863636363636,0.10454104706161788,FALSE,Inelastic (raise fare)
SEA-SMF,Coach_Deep_Discount,log_avg_fare,-0.31265187692217294,0.5103829843947174,-0.61258287694085,0.5834605916208286,-1.9369183198888136,1.3116145660444678,6,626.4596103112099,717.1666666666666,0,FALSE,Inelastic (raise fare)
HNL-KOA,Coach_Deep_Discount,log_avg_fare,-0.3025711352032048,0.07191740627340233,-4.207203108145275,6.683534360913145e-4,-0.45502922586843825,-0.1501130445379713,22,322.4894579187668,7022.590909090909,0.09643958362923175,TRUE,Inelastic (raise fare)
LIH-SAN,Coach_Deep_Discount,log_avg_fare,-0.24574385484944739,1.7460027374817346,-0.14074654613880191,0.8948734825210602,-5.0934246089925574,4.601936899293663,8,482.73406581975996,795,0.007175226586102718,FALSE,Inelastic (raise fare)
MIA-STT,Coach_Deep_Discount,log_avg_fare,-0.2336252395745316,0.7237642528833268,-0.3227919017053095,0.7542257757806419,-1.8708937284118403,1.4036432492627773,14,541.1542007096738,825.2857142857143,0,FALSE,Inelastic (raise fare)
OGG-SMF,Coach_Deep_Discount,log_avg_fare,-0.22550861997190774,0.3698860913106748,-0.6096704506320528,0.5687199645644245,-1.1763310875496433,0.7253138476058278,11,666.496924963953,1354.1818181818182,0.08574377456422323,FALSE,Inelastic (raise fare)
HNL-LIH,Coach_Deep_Discount,log_avg_fare,-0.16715781157509355,0.0791996166911043,-2.110588643718382,0.050899851885206564,-0.3350534986948577,7.378755446705576e-4,22,322.530512903604,6975.409090909091,0.09982190312400245,FALSE,Inelastic (raise fare)
HNL-SMF,Coach_Full,log_avg_fare,-0.0885832514588621,0.497429394996419,-0.17808206018765702,0.8645189472012964,-1.3057491331834716,1.1285826302657476,11,492.4598482111377,723.7272727272727,0.9998234774933804,FALSE,Inelastic (raise fare)
BWI-SJU,Coach_Deep_Discount,log_avg_fare,-0.0810266574431996,0.7003589658995849,-0.11569303941033138,0.9092514557106557,-1.5586549137733765,1.396601598886977,22,306.61514303694037,1525.1363636363635,1,FALSE,Inelastic (raise fare)
DFW-SJU,Coach_Deep_Discount,log_avg_fare,-0.07380523407759841,0.4408060121522336,-0.1674324579132772,0.869266194010583,-1.0133610083594933,0.8657505402042965,21,508.9935847590432,1264.4761904761904,0.27673899924146117,FALSE,Inelastic (raise fare)
LIH-OGG,Coach_Deep_Discount,log_avg_fare,-0.06611772310514542,0.08683763673668858,-0.7613947775390222,0.45749765939276843,-0.2502052893951018,0.11796984318481092,22,239.86362028474358,1424.2272727272727,0.06761141169787448,FALSE,Inelastic (raise fare)
MIA-SJU,Coach_Deep_Discount,log_avg_fare,-0.015612124247414585,0.39487869892504845,-0.03953650650165333,0.9689232527715304,-0.8487333545940339,0.8175091060992048,22,359.363847639728,4648.363636363636,0.32121834971776253,FALSE,Inelastic (raise fare)
HNL-ITO,Coach_Deep_Discount,log_avg_fare,-0.0027615469152191415,0.04406841121956121,-0.06266499832409066,0.9508094427272769,-0.09618240538782832,0.09065931155739004,22,335.3076209211597,6271.909090909091,0.10910290276703251,FALSE,Inelastic (raise fare)
HNL-ORD,Coach_Deep_Discount,log_avg_fare,4.195414601165292e-4,0.11284306175555797,0.003717919857805215,0.9970768169575805,-0.23765850808216665,0.2384975910023997,22,1223.166377561251,858.5909090909091,0,FALSE,Inelastic (raise fare)
DEN-OGG,Coach_Deep_Discount,log_avg_fare,0.0020960315840596786,0.24231234243707528,0.00865012307247199,0.9933787251655555,-0.5908209108039177,0.5950129739720371,11,957.2084045508601,663.1818181818181,0.005417137820600111,FALSE,Inelastic (raise fare)
ATL-HNL,Coach_Deep_Discount,log_avg_fare,0.002760357043379996,0.16551736882398607,0.01667714429604911,0.9870222284017072,-0.366035323111885,0.37155603719864505,15,1111.8086505722708,598.6666666666666,0.0010045714981418545,FALSE,Inelastic (raise fare)
KOA-SJC,Coach_Full,log_avg_fare,0.014592773002744735,0.18905366804597065,0.07718852087649697,0.950957506640668,-2.387561839314165,2.416747385319655,6,387.05616015247557,604.8333333333334,0.9382305373097948,FALSE,Inelastic (raise fare)
OGG-PHX,Coach_Deep_Discount,log_avg_fare,0.016428369870690848,0.21645635766736143,0.07589691542318701,0.9405750270156055,-0.4478243445694408,0.4806810843108225,20,540.126616681113,665.55,0.21246190726420255,FALSE,Inelastic (raise fare)
BWI-SJU,Coach_Full,log_avg_fare,0.058795847350383276,0.1510619838338856,0.3892167033569331,0.701948158382504,-0.2599170793607532,0.3775087740615198,22,433.58286629241275,983.5454545454545,1,FALSE,Inelastic (raise fare)
BOS-SEA,Coach_Deep_Discount,log_avg_fare,0.060254104312723704,0.7386043544809765,0.08157832261233387,0.9401198619178778,-2.2903145946717176,2.4108228032971653,6,871.4084860042208,610.1666666666666,0,FALSE,Inelastic (raise fare)
KOA-PDX,Coach_Deep_Discount,log_avg_fare,0.0754724121607847,0.8101438990031304,0.09315926745069898,0.9316498690601447,-2.502767045969865,2.6537118702914344,8,527.197141358669,813.5,0,FALSE,Inelastic (raise fare)
HNL-ITO,Coach_Full,log_avg_fare,0.10638612809212358,0.2859750051773296,0.3720119806489901,0.7144805280071718,-0.4969683927019698,0.7097406488862169,22,188.44090467743882,1673.3636363636365,0.9995472552348613,FALSE,Inelastic (raise fare)
ATL-SEA,Coach_Deep_Discount,log_avg_fare,0.1064798919689969,1.3443657348245068,0.07920455662528231,0.9418573350806714,-4.171891873773272,4.384851657711265,6,869.5310534471137,828.5,0,FALSE,Inelastic (raise fare)
HNL-KOA,Coach_Full,log_avg_fare,0.12180680713368462,0.6165117784948474,0.19757417681631956,0.8460306885653506,-1.1922569429714067,1.435870557238776,20,184.1282633114746,1619.85,0.9966521369490766,FALSE,Inelastic (raise fare)
ATL-STT,Coach_Deep_Discount,log_avg_fare,0.1241729272392531,0.1622778063337596,0.765187366310982,0.473173885375041,-0.2729065602566313,0.5212524147351375,10,770.1660232796372,602.6,0,FALSE,Inelastic (raise fare)
MSP-SEA,Coach_Deep_Discount,log_avg_fare,0.14429024424262146,0.4032184172805285,0.3578463633079423,0.7327101937426734,-0.8423496796010209,1.1309301680862638,11,816.5765117844791,889.0909090909091,1.2608750472828143e-4,FALSE,Inelastic (raise fare)
BQN-MCO,Coach_Full,log_avg_fare,0.15177660098953777,0.49677223914625784,0.30552552866154076,0.7636753462522899,-0.8963212077963745,1.1998744097754501,22,328.5120868395086,1089.4545454545455,0.009433652287234081,FALSE,Inelastic (raise fare)
KOA-OGG,Coach_Deep_Discount,log_avg_fare,0.15404611998975123,0.11205355123292896,1.3747544660100162,0.18815602745904583,-0.08349679706549518,0.39158903704499765,22,241.9787089931693,1640.5454545454545,0.08821335712302006,FALSE,Inelastic (raise fare)
AUS-HNL,Coach_Deep_Discount,log_avg_fare,0.19775318263424013,1.061541757750958,0.18628865156770763,0.8595406961447295,-2.5310267776098168,2.9265331428782972,10,744.2098019164921,763.8,0,FALSE,Inelastic (raise fare)
ANC-LAX,Coach_Deep_Discount,log_avg_fare,0.20480580288988134,0.30969444657115325,0.6613157102344959,0.5295677364038194,-0.5275051960558734,0.9371168018356362,11,507.48836960047277,584.9090909090909,0,FALSE,Inelastic (raise fare)
HNL-SMF,Coach_Deep_Discount,log_avg_fare,0.20925454414145178,0.42480751630993413,0.49258672718206414,0.6398092701763003,-0.8302120019727857,1.2487210902556891,12,651.0964193480835,1846.9166666666667,0.1679186326715606,FALSE,Inelastic (raise fare)
HNL-OGG,Coach_Full,log_avg_fare,0.2411481785854689,0.4052096451507432,0.595119542368639,0.5596028178447336,-0.6137694430418795,1.0960658002128172,22,213.4005829965623,2455.6363636363635,0.9974017903369262,FALSE,Inelastic (raise fare)
EWR-STT,Coach_Deep_Discount,log_avg_fare,0.25447319150029035,0.30969004817606566,0.8217028380441102,0.4976145881531846,-1.0780155396607012,1.5869619226612817,7,733.1543195539457,579.7142857142857,0,FALSE,Inelastic (raise fare)
ANC-BET,Coach_Full,log_avg_fare,0.25986587347794926,0.33300470954239453,0.7803669618818588,0.4704861788565915,-0.5961499840530768,1.1158817310089753,10,649.3512584925777,574.8,0,FALSE,Inelastic (raise fare)
ITO-OGG,Coach_Deep_Discount,log_avg_fare,0.26076102582433874,0.0732023593792124,3.5621942794700163,0.023539699513481088,0.05751869343699467,0.4640033582116828,9,328.0039786360857,614,0,TRUE,Inelastic (raise fare)
FLL-SJU,Coach_Deep_Discount,log_avg_fare,0.27054455964762797,0.2952900356124659,0.9161994209743213,0.37237693273679995,-0.3524629574665074,0.8935520767617633,22,205.93866267265093,1355.7272727272727,1,FALSE,Inelastic (raise fare)
HNL-LIH,Coach_Full,log_avg_fare,0.28078025755117253,0.6805710421868757,0.41256568403049104,0.685400145319039,-1.1619659012773171,1.723526416379662,21,182.16173295520863,1553.904761904762,0.9979089626966715,FALSE,Inelastic (raise fare)
ANC-SFO,Coach_Deep_Discount,log_avg_fare,0.29098804613682633,0.5654722269031399,0.5145929937716814,0.6252365995237188,-1.0926726473658035,1.6746487396394563,9,565.4194341407006,792.4444444444445,0,FALSE,Inelastic (raise fare)
LAX-ORD,Coach_Deep_Discount,log_avg_fare,0.29633422524259506,1.0011537882725976,0.2959927123223432,0.7791349170007783,-2.2772135175694284,2.8698819680546186,10,799.1229215710568,577.4,6.461042890525355e-4,FALSE,Inelastic (raise fare)
ANC-HNL,Coach_Deep_Discount,log_avg_fare,0.3074784172835914,0.48566953349591,0.6331021323703863,0.5500202511121494,-0.8809121199675993,1.495868954534782,11,566.0143326101094,642.2727272727273,0,FALSE,Inelastic (raise fare)
ANC-PHX,Coach_Deep_Discount,log_avg_fare,0.3625544940046746,0.39111924399109554,0.926966646552755,0.38970882761305253,-0.5944798193279976,1.319588807337347,10,496.6316064767968,614,0,FALSE,Inelastic (raise fare)
BQN-FLL,Coach_Deep_Discount,log_avg_fare,0.3831094718633471,0.6183019063726958,0.6196155436603473,0.555134575125969,-1.0789422107515807,1.8451611544782747,12,193.30095251504088,675.5833333333334,1,FALSE,Inelastic (raise fare)
HNL-ONT,Coach_Deep_Discount,log_avg_fare,0.38613756711374486,0.5075862733319988,0.7607328791202013,0.475639783392493,-0.8558813005808326,1.6281564348083222,11,655.0727214418943,1250.3636363636363,0,FALSE,Inelastic (raise fare)
ADQ-ANC,Coach_Deep_Discount,log_avg_fare,0.3892901669926484,0.13490283218670426,2.885707888281207,0.02345956159055092,0.07029565839541585,0.708284675589881,12,543.2871598248728,632.6666666666666,0,TRUE,Inelastic (raise fare)
ANC-SEA,Coach_Full,log_avg_fare,0.40705233329463003,0.1342534297620632,3.0319697159025822,0.20281685063575097,-1.2987992317957937,2.1129038983850537,6,807.8780973076407,611.5,0,FALSE,Inelastic (raise fare)
GEG-SEA,Coach_Deep_Discount,log_avg_fare,0.40748611055184875,0.5662751428837742,0.7195903187215895,0.4988348290203021,-0.978139247579269,1.7931114686829666,11,625.4967209383826,1197.090909090909,0,FALSE,Inelastic (raise fare)
LGB-OGG,Coach_Deep_Discount,log_avg_fare,0.4210439833903081,0.40573896136914656,1.0377213516037884,0.35801009284529745,-0.7054679698910955,1.5475559366717118,10,604.5588478920555,1115.3,0.051301774559653006,FALSE,Inelastic (raise fare)
MIA-STX,Coach_Deep_Discount,log_avg_fare,0.4290689123082964,0.28272170935328567,1.5176369486792294,0.17990132331847872,-0.26272618888422167,1.1208640135008145,11,515.0819449725396,885.6363636363636,0,FALSE,Inelastic (raise fare)
MCO-STT,Coach_Deep_Discount,log_avg_fare,0.4321176331527304,0.68636164924913,0.6295771822703978,0.546526331583522,-1.1506351682613147,2.0148704345667756,13,243.78949351936586,779.7692307692307,1,FALSE,Inelastic (raise fare)
ANC-BET,Coach_Deep_Discount,log_avg_fare,0.439492818925612,0.32758773845765443,1.3416033853856315,0.23743059869440117,-0.40259827113081403,1.281583908982038,10,555.6356489337445,720.5,0,FALSE,Inelastic (raise fare)
LAX-SEA,Coach_Deep_Discount,log_avg_fare,0.4640133580725585,0.5183366556763748,0.8951968821635234,0.43664510074969115,-1.1855652166778339,2.113591932822951,6,565.7152923901136,852,0,FALSE,Inelastic (raise fare)
DFW-LAX,Coach_Deep_Discount,log_avg_fare,0.5107167959355998,1.2223556063800323,0.41781359963494713,0.7041865450654436,-3.3793642873313603,4.4007978792025595,8,758.1383039342201,781.625,0,FALSE,Inelastic (raise fare)
FLL-STX,Coach_Deep_Discount,log_avg_fare,0.5123335093514932,0.7915224641401165,0.6472760187647677,0.563568284039393,-2.0066442322002764,3.031311250903263,7,234.52495176863061,609.2857142857143,1,FALSE,Inelastic (raise fare)
SJU-STT,Coach_Full,log_avg_fare,0.5289526753214607,0.19190392597996547,2.756341083801916,0.01867767609351768,0.10657498207623234,0.9513303685666892,16,287.35890240679225,723.625,0,TRUE,Inelastic (raise fare)
HNL-SLC,Coach_Deep_Discount,log_avg_fare,0.5321715534330753,0.40189134488992434,1.3241677388669169,0.21011580691704446,-0.34347446494530876,1.4078175718114594,17,828.0111381190638,874.8823529411765,0,FALSE,Inelastic (raise fare)
BDL-SJU,Coach_Full,log_avg_fare,0.5568064989158372,0.5432576978341446,1.024939915505494,0.31975577067115185,-0.5893670547525058,1.7029800525841803,22,432.80785228078514,1416.4545454545455,0.0062290794564918124,FALSE,Inelastic (raise fare)
IAD-SJU,Coach_Deep_Discount,log_avg_fare,0.5908984992905925,0.14345383205862097,4.119084801088672,9.103585866547129e-4,0.28513389414043655,0.8966631044407484,20,530.7515522610969,719.5,0,TRUE,Inelastic (raise fare)
SAN-SEA,Coach_Deep_Discount,log_avg_fare,0.627240052615668,0.7686649721816358,0.8160122749387505,0.47425976455909036,-1.8189949481047827,3.0734750533361184,6,602.6764524556814,660,0,FALSE,Inelastic (raise fare)
SEA-SFO,Coach_Deep_Discount,log_avg_fare,0.6276956978555903,1.1361344054005174,0.5524836629116174,0.6786674088753664,-13.808260664975482,15.06365206068666,6,589.7811299601993,553.6666666666666,0,FALSE,Inelastic (raise fare)
OAK-OGG,Coach_Deep_Discount,log_avg_fare,0.6571323660290687,1.4567429695464917,0.45109698812114046,0.6677644240516015,-2.907389270226357,4.221654002284494,11,538.0017168746674,1159.7272727272727,0.16123786233637213,FALSE,Inelastic (raise fare)
DEN-SEA,Coach_Deep_Discount,log_avg_fare,0.6814780191528139,0.4187373779507971,1.6274592502054825,0.1547636526016718,-0.3431354334723612,1.706091471777989,11,585.8020379207211,812.9090909090909,1.0342331161443788e-4,FALSE,Inelastic (raise fare)
OAK-OGG,Coach_Full,log_avg_fare,0.6918317975552236,1.3256181337612447,0.5218937339007679,0.6204422458070378,-2.5518389240378423,3.9355025191482897,11,409.50327571711466,886.2727272727273,1,FALSE,Inelastic (raise fare)
LAX-SLC,Coach_Deep_Discount,log_avg_fare,0.7102097267164937,0.9168026906974909,0.7746592957489861,0.4735630940158164,-1.6465066168529743,3.0669260702859615,10,741.0852114135718,763.1,0.004188730956491921,FALSE,Inelastic (raise fare)
HNL-SFO,Coach_Deep_Discount,log_avg_fare,0.804810826831917,0.5656748602615782,1.4227445541061485,0.17290159580081044,-0.3886588053366453,1.9982804590004792,22,657.3901474091853,5880.136363636364,0,FALSE,Inelastic (raise fare)
RDU-SJU,Coach_Deep_Discount,log_avg_fare,0.8606798144403092,0.7096504248535842,1.2128222351418807,0.25979289337221295,-0.7757769998214492,2.4971366287020675,13,242.44842592332105,904.3076923076923,1,FALSE,Inelastic (raise fare)
HNL-PHX,Coach_Deep_Discount,log_avg_fare,0.8689369808183376,0.11505636597564349,7.552272083774005,1.1610951720770373e-6,0.625028380877431,1.1128455807592443,22,639.8008948147077,2033.090909090909,0.09411335847837898,TRUE,Inelastic (raise fare)
JFK-SJU,Coach_Deep_Discount,log_avg_fare,0.8782965471204807,0.3999818557484267,2.195840972528753,0.043193265729965034,0.03037289152703959,1.7262202027139217,22,536.916259655697,2084.818181818182,0.04744680978320945,TRUE,Inelastic (raise fare)
DTW-SEA,Coach_Deep_Discount,log_avg_fare,0.8810827040483138,0.586834065692942,1.5014171050344849,0.23024398667195647,-0.9864852001308066,2.7486506082274342,7,914.8077752312563,671,0,FALSE,Inelastic (raise fare)
PHL-SJU,Coach_Deep_Discount,log_avg_fare,0.911398062882613,0.4078969506227697,2.234383124196214,0.03917572895997009,0.050810722307986556,1.7719854034572395,22,358.66557280901327,3733.772727272727,0.5683934326288715,TRUE,Inelastic (raise fare)
JFK-SJU,Coach_Full,log_avg_fare,0.9475421897905338,0.2546229794715926,3.7213537904431275,0.0016972820483264605,0.4103346612270349,1.4847497183540328,22,489.7355829946968,4895.318181818182,0,TRUE,Inelastic (raise fare)
ANC-FAI,Coach_Deep_Discount,log_avg_fare,0.9531140819264039,0.10792915609710695,8.83092313877503,9.269003515974405e-8,0.725403467090324,1.1808246967624838,22,376.73477103799604,1574.6818181818182,0,TRUE,Inelastic (raise fare)
HNL-SEA,Coach_Deep_Discount,log_avg_fare,0.9611315706306611,0.34739327823134847,2.7666959347169358,0.013197602492877507,0.22819582058357857,1.6940673206777437,22,619.5227772182246,4483.045454545455,7.423912866296568e-5,TRUE,Inelastic (raise fare)
JFK-PSE,Coach_Full,log_avg_fare,0.9771413052305861,0.6240701984307575,1.5657554353462735,0.13825523320675498,-0.35303283561205057,2.307315446073223,20,330.10794921206343,725.55,0,FALSE,Inelastic (raise fare)
LIH-OAK,Coach_Deep_Discount,log_avg_fare,1.0222680226467447,0.38761464352315744,2.6373307606622216,0.05774137206173422,-0.0539227570661136,2.0984588023596027,10,570.2947798452195,1239.2,0.08185764589101491,FALSE,Inelastic (raise fare)
BOS-SJU,Coach_Full,log_avg_fare,1.0338099978821726,0.2965306347025225,3.4863514149871353,0.00282644967966376,0.40818504548198997,1.6594349502823553,22,492.7720468239823,2552.681818181818,0.02889729049604861,TRUE,Inelastic (raise fare)
BQN-FLL,Coach_Full,log_avg_fare,1.039630546374385,0.054701395805952006,19.005557921453693,0.0027570193998626338,0.8042694363887997,1.2749916563599701,7,278.22554239947493,639,0.001166180758017493,TRUE,Inelastic (raise fare)
BOS-SJU,Coach_Deep_Discount,log_avg_fare,1.0896598838051341,0.22177919568670565,4.913264656908722,1.3143470833379756e-4,0.6217466819059789,1.5575730857042893,22,333.2764097454195,1637.3636363636365,0.6136698430218227,TRUE,Inelastic (raise fare)
KOA-SEA,Coach_Deep_Discount,log_avg_fare,1.0899034109571981,0.24455128746822669,4.456747794054463,3.463745201057819e-4,0.5739452950775399,1.6058615268368563,22,522.3308994416781,1522.8636363636363,9.420631182289212e-5,TRUE,Inelastic (raise fare)
EWR-SJU,Coach_Deep_Discount,log_avg_fare,1.1027223172052334,0.18990900235351174,5.806582645053014,2.1044065533317922e-5,0.7020493456690103,1.5033952887414563,22,441.3482482317008,3754.9545454545455,0.20075391733724998,TRUE,Inelastic (raise fare)
BDL-SJU,Coach_Deep_Discount,log_avg_fare,1.1051151511213235,0.6144107287599107,1.7986586161212075,0.09532029463314134,-0.22223852948604939,2.4324688317286967,18,218.83349828156489,1075.4444444444443,1,FALSE,Inelastic (raise fare)
HNL-LAS,Coach_Deep_Discount,log_avg_fare,1.1726926551618495,0.43980957572387697,2.666364535678264,0.01689527939660314,0.24033800493655122,2.105047305387148,22,751.1166606092486,3243.2272727272725,0.1497146729124953,TRUE,Inelastic (raise fare)
HNL-LAX,Coach_Deep_Discount,log_avg_fare,1.2574231732491883,0.4863305971229489,2.5855316952868996,0.019247075071636453,0.23135530346221178,2.2834910430361646,22,611.7537180324725,11698.227272727272,0.017517765500069494,TRUE,Inelastic (raise fare)
SEA-SLC,Coach_Deep_Discount,log_avg_fare,1.2714475533180738,1.213828449976425,1.047468901674506,0.33523340811416646,-1.6986836661861684,4.241578772822316,11,665.8459693617526,1229.6363636363637,0,FALSE,Inelastic (raise fare)
MCO-SJU,Coach_Deep_Discount,log_avg_fare,1.275615255408461,0.5625619219600693,2.2675108385650824,0.03668572840521491,0.08871334896125638,2.462517161855666,22,224.96600938180086,7238.818181818182,1,TRUE,Inelastic (raise fare)
LIH-SEA,Coach_Deep_Discount,log_avg_fare,1.2931308093353475,0.1538941245515004,8.402730208862545,1.8582569307944135e-7,0.9684425880195713,1.6178190306511238,22,551.1587120012131,943.6363636363636,9.569377990430621e-5,TRUE,Inelastic (raise fare)
PHX-SEA,Coach_Deep_Discount,log_avg_fare,1.2963069960505833,1.185027672942975,1.0939044088576009,0.35396577835465864,-2.4749799433657382,5.067593935466904,6,609.8550800143547,1029.3333333333333,1.9770660340055358e-4,FALSE,Inelastic (raise fare)
BQN-EWR,Coach_Deep_Discount,log_avg_fare,1.3204366453235161,0.42565801401775655,3.1021068600588673,0.006849583765089693,0.4180819657512791,2.222791324895753,21,406.9946663394977,768.3333333333334,0,TRUE,Inelastic (raise fare)
BOI-SEA,Coach_Deep_Discount,log_avg_fare,1.3377066886590416,0.33271159101937253,4.020619433667858,0.006953945006505017,0.523590753580441,2.151822623737642,11,614.8249672626918,876,0,TRUE,Inelastic (raise fare)
HNL-SAN,Coach_Full,log_avg_fare,1.3468393122571911,0.6541182604554795,2.0590150033716412,0.0561550012963594,-0.03982945439976837,2.7335080789141504,21,414.1550415529119,868.7142857142857,0.9564594118258691,FALSE,Inelastic (raise fare)
HNL-OAK,Coach_Full,log_avg_fare,1.3702217370819976,0.637854664042481,2.1481723256486855,0.05112666288597037,-0.007779486493982857,2.748222960657978,18,408.8993561226054,878.1111111111111,1,FALSE,Inelastic (raise fare)
ORD-SJU,Coach_Deep_Discount,log_avg_fare,1.3977763801322853,0.4225789695214871,3.307728214007138,0.0044463170186265985,0.5019489833042279,2.293603776960343,22,477.9119515457744,1976.1818181818182,0.14778459647663947,TRUE,Inelastic (raise fare)
EWR-SJU,Coach_Full,log_avg_fare,1.4016066446642854,0.40494923580393305,3.4611909857829946,0.003216661625054482,0.5431526137679306,2.2600606755606405,22,410.6667570894975,1442.5454545454545,0.031220376983233104,TRUE,Inelastic (raise fare)
KOA-SFO,Coach_Deep_Discount,log_avg_fare,1.4093252975003565,0.16659064649184002,8.459810482633479,1.6914978104938647e-7,1.0578497564105493,1.7608008385901637,22,662.6105471860063,1428.5,0,TRUE,Inelastic (raise fare)
LAS-OGG,Coach_Deep_Discount,log_avg_fare,1.538785549799462,0.27431846584250275,5.609485840019755,4.976804452781888e-5,0.9540895804408048,2.123481519158119,21,613.7121302158197,816.5238095238095,0.24232071382744821,TRUE,Inelastic (raise fare)
JFK-STT,Coach_Deep_Discount,log_avg_fare,1.6696902061427037,0.2688387284686586,6.210750272676421,4.5128803810767003e-5,1.0839409354437661,2.2554394768416413,17,544.0041637095931,1002.2352941176471,0,TRUE,Inelastic (raise fare)
BQN-JFK,Coach_Full,log_avg_fare,1.7097461326883057,0.442492429276544,3.863899175594183,0.0012455358755183198,0.7761687123273461,2.643323553049265,22,394.24587506808507,1390,0,TRUE,Inelastic (raise fare)
RDU-SJU,Coach_Full,log_avg_fare,1.8693481370597065,0.6506293663851256,2.873138277550767,0.04532508584591502,0.06291141746178308,3.67578485665763,9,352.2244816376578,769.6666666666666,0.0048082347324867455,TRUE,Inelastic (raise fare)
KOA-LAX,Coach_Deep_Discount,log_avg_fare,1.8845658194278825,0.27316514176570805,6.898998192984163,2.575493555692808e-6,1.3082377480095453,2.4608938908462195,22,534.8809458732459,2698.090909090909,0.014553185159252309,TRUE,Inelastic (raise fare)
EWR-HNL,Coach_Deep_Discount,log_avg_fare,1.9053917282157924,0.3397498171707561,5.608220025202117,8.089660640590323e-4,1.102011071059608,2.7087723853719767,12,1245.879240714376,853.4166666666666,0,TRUE,Inelastic (raise fare)
LAX-OGG,Coach_Full,log_avg_fare,1.9106498934248382,0.4640450304884293,4.11738035727651,0.05423321479788206,-0.08597472373287429,3.9072745105825506,7,477.4136777851832,815.7142857142857,0.9023968541684106,FALSE,Inelastic (raise fare)
LIH-SFO,Coach_Deep_Discount,log_avg_fare,1.9780933473477635,0.3151777341762222,6.276120210451706,2.8507064479241438e-5,1.2971932492184914,2.6589934454770354,18,645.4663641965512,872.3888888888889,0,TRUE,Inelastic (raise fare)
LAX-LIH,Coach_Deep_Discount,log_avg_fare,2.187366030565404,0.3209061967930694,6.816216241457897,3.0028157186701986e-6,1.5103131375481422,2.8644189235826656,22,532.666445838962,2335.7727272727275,0.019321063529795297,TRUE,Inelastic (raise fare)
KTN-SEA,Coach_Deep_Discount,log_avg_fare,2.225139798990329,0.5321926586766742,4.181079469459912,0.004131690600605187,0.9667041317638241,3.483575466216834,12,498.0723516517842,794.5,0,TRUE,Inelastic (raise fare)
OGG-SEA,Coach_Deep_Discount,log_avg_fare,2.262039754943654,0.2694517568526742,8.39497126077545,1.8822184151495057e-7,1.6935462408613269,2.830533269025981,22,549.7745535688109,2390.318181818182,5.597850425436635e-5,TRUE,Inelastic (raise fare)
HNL-LGB,Coach_Deep_Discount,log_avg_fare,2.323993630042328,0.683019583375387,3.402528546191131,0.006742367842974268,0.8021311596561498,3.845856100428506,16,590.4406048745859,1073.4375,0.11850691605127095,TRUE,Inelastic (raise fare)
JNU-SEA,Coach_Deep_Discount,log_avg_fare,2.3640733027245933,0.4799792834849209,4.925365289851855,3.506201354713686e-4,1.3182882818931638,3.4098583235560227,17,501.24807412910957,1479.4705882352941,0,TRUE,Inelastic (raise fare)
HNL-JFK,Coach_Deep_Discount,log_avg_fare,2.4193212705691574,0.7816803578352833,3.095026306237261,0.006951924590046479,0.7622329376969741,4.07640960344134,21,896.070145180041,1467.7142857142858,0,TRUE,Inelastic (raise fare)
OGG-PDX,Coach_Deep_Discount,log_avg_fare,2.435778424651413,0.7066759284890839,3.4468110861781516,0.01073760644262421,0.7647553861292771,4.106801463173549,12,615.4073644053843,1800.0833333333333,0,TRUE,Inelastic (raise fare)
HNL-SAN,Coach_Deep_Discount,log_avg_fare,2.462363044903127,0.3974342160168514,6.195649356971121,1.2830033086929376e-5,1.619840144277159,3.3048859455290946,22,521.6933473657505,2223.6363636363635,0.12548573568674526,TRUE,Inelastic (raise fare)
LAX-OGG,Coach_Deep_Discount,log_avg_fare,2.6020396370534833,0.44805844812962087,5.807366534244495,2.101116784735685e-5,1.6567189434097882,3.5473603306971784,22,531.4483472666255,4286.772727272727,0.015274356421227448,TRUE,Inelastic (raise fare)
OGG-SJC,Coach_Deep_Discount,log_avg_fare,2.6463357710022093,1.3041157733635333,2.0292184367779447,0.08875981477009202,-0.5447205701061071,5.837392112110526,12,487.24655961555015,1560.0833333333333,0.07986171205726215,FALSE,Inelastic (raise fare)
OGG-SFO,Coach_Deep_Discount,log_avg_fare,2.8262273760720515,0.392779702312974,7.19545169831628,1.4977294874361152e-6,1.9975346414754063,3.654920110668697,22,547.1784191433746,2811.909090909091,0,TRUE,Inelastic (raise fare)
BOS-HNL,Coach_Deep_Discount,log_avg_fare,2.926812022297658,0.855717094920712,3.420303321822555,0.009083876993048525,0.9535248628456003,4.900099181749716,13,890.5603053777248,958.7692307692307,0,TRUE,Inelastic (raise fare)
HNL-SJC,Coach_Full,log_avg_fare,3.047523668668019,0.6862969119236848,4.440532393080182,8.061002801076684e-4,1.5522111520076949,4.542836185328343,17,396.19648772336933,1075.0588235294117,0.9770402736907684,TRUE,Inelastic (raise fare)
DCA-SJU,Coach_Full,log_avg_fare,3.0856612559431165,0.6362307163365815,4.8499092808821995,1.773561057808558e-4,1.736912388853863,4.43441012303237,21,489.1897155509566,842.3333333333334,0.005167281472934845,TRUE,Inelastic (raise fare)
OGG-SAN,Coach_Deep_Discount,log_avg_fare,3.337708783417379,0.41493036016414175,8.044021609064758,1.2846360330310187e-6,2.447771670524388,4.22764589631037,19,462.9526929689695,1403,0.007298903426321066,TRUE,Inelastic (raise fare)
HNL-PDX,Coach_Deep_Discount,log_avg_fare,3.404178439048183,0.558102342670391,6.099559487172145,1.1792979544954091e-5,2.2266854224569244,4.581671455639442,22,597.4906897641474,1783.2727272727273,9.609840476648084e-5,TRUE,Inelastic (raise fare)
HNL-OAK,Coach_Deep_Discount,log_avg_fare,3.8060430710576973,0.751022646080878,5.067813987925769,4.863823866403856e-4,2.132660334603356,5.479425807512039,15,539.0791438049473,1425,0.24792083622949188,TRUE,Inelastic (raise fare)
ANC-SEA,Coach_Deep_Discount,log_avg_fare,3.9414901484624196,1.205179330556055,3.270459464853139,0.004508519310175568,1.398784022772527,6.484196274152312,22,539.9996443245744,7022.590909090909,0,TRUE,Inelastic (raise fare)
HNL-SJC,Coach_Deep_Discount,log_avg_fare,4.006191616724355,0.33987289861112713,11.787322946594001,2.6647453746984332e-9,3.285693257896939,4.726689975551772,22,461.5680875135923,1712.4545454545455,0.18119638302069968,TRUE,Inelastic (raise fare)
FAI-SEA,Coach_Deep_Discount,log_avg_fare,4.477249263557559,0.4895200036823793,9.14620287195165,9.367587510767969e-8,3.4395132136764754,5.514985313438643,21,513.8508472730156,2091.3333333333335,0,TRUE,Inelastic (raise fare)
